{
  "mae": 0.782682958055468,
  "rmse": 0.9250924861381893,
  "precision_at_k": 0.011000000000000001,
  "recall_at_k": 0.01059374492537146,
  "ndcg_at_k": 0.022534921597129866,
  "mrr": 0.075,
  "coverage": 0.0019438707325962824,
  "novelty": 5.46715484967628,
  "diversity": 0.5453796787706094,
  "popularity_bias": 0.255,
  "serendipity": 0.004,
  "k": 10,
  "n_users": 100
}