{
  "mae": 1.2428463512326078,
  "rmse": 1.4242765954271959,
  "precision_at_k": 0.002,
  "recall_at_k": 0.0004057971014492753,
  "ndcg_at_k": 0.0031109768657605276,
  "mrr": 0.008333333333333333,
  "coverage": 0.10837079334224274,
  "novelty": 7.681640484763986,
  "diversity": 0.07708422053119592,
  "popularity_bias": 0.07200000000000001,
  "serendipity": 0.002,
  "k": 10,
  "n_users": 100
}