{
  "mae": 0.8727928755080352,
  "rmse": 1.0156093208310724,
  "precision_at_k": 0.04299999999999999,
  "recall_at_k": 0.04719111232306639,
  "ndcg_at_k": 0.07468079566068295,
  "mrr": 0.1643015873015873,
  "coverage": 0.07095128173976431,
  "novelty": 4.6775305926979955,
  "diversity": 0.5460142314989664,
  "popularity_bias": 0.582,
  "serendipity": 0.030000000000000006,
  "k": 10,
  "n_users": 100
}