{
  "mae": 0.7923581371320819,
  "rmse": 0.9455768153197106,
  "precision_at_k": 0.0,
  "recall_at_k": 0.0,
  "ndcg_at_k": 0.0,
  "mrr": 0.0,
  "coverage": 0.001336411128659944,
  "novelty": 9.252665432450245,
  "diversity": 0.7808014912148997,
  "popularity_bias": 0.0,
  "serendipity": 0.0,
  "k": 10,
  "n_users": 100
}