{
  "mae": 0.7559815496429428,
  "rmse": 0.9430016355544909,
  "precision_at_k": 0.012000000000000002,
  "recall_at_k": 0.004510726020758712,
  "ndcg_at_k": 0.014262668270395587,
  "mrr": 0.03070634920634921,
  "coverage": 0.05722269469080306,
  "novelty": 4.575669034763652,
  "diversity": 0.7473553654093336,
  "popularity_bias": 0.436,
  "serendipity": 0.012000000000000002,
  "k": 10,
  "n_users": 100
}