{
  "mae": 0.7610641439017808,
  "rmse": 0.9252600379730015,
  "precision_at_k": 0.07800000000000001,
  "recall_at_k": 0.08449223342468729,
  "ndcg_at_k": 0.10487854048150011,
  "mrr": 0.1958531746031746,
  "coverage": 0.034260721662009476,
  "novelty": 2.4436321831565175,
  "diversity": 0.7630677575856065,
  "popularity_bias": 0.9790000000000001,
  "serendipity": 0.053,
  "k": 10,
  "n_users": 100
}