{
  "mae": 2.353756430482312,
  "rmse": 2.53208784970599,
  "precision_at_k": 0.00202020202020202,
  "recall_at_k": 8.382580996688881e-05,
  "ndcg_at_k": 0.00599183031357274,
  "mrr": 0.010101010101010102,
  "coverage": 0.015793949702344795,
  "novelty": 6.905869816549456,
  "diversity": 0.7036674189389753,
  "popularity_bias": 0.011111111111111112,
  "serendipity": 0.00202020202020202,
  "k": 10,
  "n_users": 100
}