{
  "mae": 1.604034639367496,
  "rmse": 1.9076414106561828,
  "precision_at_k": 0.001,
  "recall_at_k": 0.00011363636363636364,
  "ndcg_at_k": 0.002328355700832542,
  "mrr": 0.00125,
  "coverage": 0.11663224395577694,
  "novelty": 7.551330595020008,
  "diversity": 0.7622701037094906,
  "popularity_bias": 0.079,
  "serendipity": 0.001,
  "k": 10,
  "n_users": 100
}