{
  "mae": 1.3000930533747532,
  "rmse": 1.5996035490708138,
  "precision_at_k": 0.065,
  "recall_at_k": 0.06605356803307658,
  "ndcg_at_k": 0.08633137002961386,
  "mrr": 0.18734126984126984,
  "coverage": 0.007532499088810594,
  "novelty": 1.5291109242723777,
  "diversity": 0.7568770907937566,
  "popularity_bias": 1.0,
  "serendipity": 0.0,
  "k": 10,
  "n_users": 100
}