{
  "mae": 0.766940428887001,
  "rmse": 0.9447964078930216,
  "precision_at_k": 0.0030612244897959186,
  "recall_at_k": 0.005350920856147337,
  "ndcg_at_k": 0.004164567919196028,
  "mrr": 0.004450113378684807,
  "coverage": 0.051148098651439676,
  "novelty": 6.340152120865185,
  "diversity": 0.7082325928042803,
  "popularity_bias": 0.12959183673469388,
  "serendipity": 0.0030612244897959186,
  "k": 10,
  "n_users": 100
}